<?xml version="1.0" encoding="UTF-8"?>
<GenRun Id="impl_1" LaunchPart="xc7a100tcsg324-1" LaunchTime="1706616104">
  <File Type="ROUTE-PWR" Name="newadder_power_routed.rpt"/>
  <File Type="PA-TCL" Name="newadder.tcl"/>
  <File Type="BITSTR-MMI" Name="newadder.mmi"/>
  <File Type="OPT-METHODOLOGY-DRC" Name="newadder_methodology_drc_opted.rpt"/>
  <File Type="INIT-TIMING" Name="newadder_timing_summary_init.rpt"/>
  <File Type="ROUTE-PWR-SUM" Name="newadder_power_summary_routed.pb"/>
  <File Type="REPORTS-TCL" Name="newadder_reports.tcl"/>
  <File Type="OPT-TIMING" Name="newadder_timing_summary_opted.rpt"/>
  <File Type="OPT-DCP" Name="newadder_opt.dcp"/>
  <File Type="OPT-DRC" Name="newadder_drc_opted.rpt"/>
  <File Type="OPT-HWDEF" Name="newadder.hwdef"/>
  <File Type="PWROPT-DCP" Name="newadder_pwropt.dcp"/>
  <File Type="PWROPT-DRC" Name="newadder_drc_pwropted.rpt"/>
  <File Type="PWROPT-TIMING" Name="newadder_timing_summary_pwropted.rpt"/>
  <File Type="PLACE-DCP" Name="newadder_placed.dcp"/>
  <File Type="PLACE-IO" Name="newadder_io_placed.rpt"/>
  <File Type="PLACE-CLK" Name="newadder_clock_utilization_placed.rpt"/>
  <File Type="PLACE-UTIL" Name="newadder_utilization_placed.rpt"/>
  <File Type="PLACE-UTIL-PB" Name="newadder_utilization_placed.pb"/>
  <File Type="PLACE-CTRL" Name="newadder_control_sets_placed.rpt"/>
  <File Type="PLACE-SIMILARITY" Name="newadder_incremental_reuse_placed.rpt"/>
  <File Type="PLACE-PRE-SIMILARITY" Name="newadder_incremental_reuse_pre_placed.rpt"/>
  <File Type="BG-BIN" Name="newadder.bin"/>
  <File Type="PLACE-TIMING" Name="newadder_timing_summary_placed.rpt"/>
  <File Type="POSTPLACE-PWROPT-DCP" Name="newadder_postplace_pwropt.dcp"/>
  <File Type="BITSTR-MSK" Name="newadder.msk"/>
  <File Type="POSTPLACE-PWROPT-TIMING" Name="newadder_timing_summary_postplace_pwropted.rpt"/>
  <File Type="PHYSOPT-DCP" Name="newadder_physopt.dcp"/>
  <File Type="PHYSOPT-DRC" Name="newadder_drc_physopted.rpt"/>
  <File Type="BITSTR-RBT" Name="newadder.rbt"/>
  <File Type="PHYSOPT-TIMING" Name="newadder_timing_summary_physopted.rpt"/>
  <File Type="ROUTE-ERROR-DCP" Name="newadder_routed_error.dcp"/>
  <File Type="ROUTE-DCP" Name="newadder_routed.dcp"/>
  <File Type="ROUTE-BLACKBOX-DCP" Name="newadder_routed_bb.dcp"/>
  <File Type="ROUTE-DRC" Name="newadder_drc_routed.rpt"/>
  <File Type="ROUTE-DRC-PB" Name="newadder_drc_routed.pb"/>
  <File Type="ROUTE-DRC-RPX" Name="newadder_drc_routed.rpx"/>
  <File Type="ROUTE-METHODOLOGY-DRC" Name="newadder_methodology_drc_routed.rpt"/>
  <File Type="ROUTE-METHODOLOGY-DRC-RPX" Name="newadder_methodology_drc_routed.rpx"/>
  <File Type="ROUTE-METHODOLOGY-DRC-PB" Name="newadder_methodology_drc_routed.pb"/>
  <File Type="ROUTE-PWR-RPX" Name="newadder_power_routed.rpx"/>
  <File Type="ROUTE-STATUS" Name="newadder_route_status.rpt"/>
  <File Type="ROUTE-STATUS-PB" Name="newadder_route_status.pb"/>
  <File Type="ROUTE-TIMINGSUMMARY" Name="newadder_timing_summary_routed.rpt"/>
  <File Type="ROUTE-TIMING-PB" Name="newadder_timing_summary_routed.pb"/>
  <File Type="ROUTE-TIMING-RPX" Name="newadder_timing_summary_routed.rpx"/>
  <File Type="ROUTE-SIMILARITY" Name="newadder_incremental_reuse_routed.rpt"/>
  <File Type="ROUTE-CLK" Name="newadder_clock_utilization_routed.rpt"/>
  <File Type="ROUTE-BUS-SKEW" Name="newadder_bus_skew_routed.rpt"/>
  <File Type="ROUTE-BUS-SKEW-PB" Name="newadder_bus_skew_routed.pb"/>
  <File Type="ROUTE-BUS-SKEW-RPX" Name="newadder_bus_skew_routed.rpx"/>
  <File Type="POSTROUTE-PHYSOPT-DCP" Name="newadder_postroute_physopt.dcp"/>
  <File Type="POSTROUTE-PHYSOPT-BLACKBOX-DCP" Name="newadder_postroute_physopt_bb.dcp"/>
  <File Type="POSTROUTE-PHYSOPT-TIMING" Name="newadder_timing_summary_postroute_physopted.rpt"/>
  <File Type="POSTROUTE-PHYSOPT-TIMING-PB" Name="newadder_timing_summary_postroute_physopted.pb"/>
  <File Type="POSTROUTE-PHYSOPT-TIMING-RPX" Name="newadder_timing_summary_postroute_physopted.rpx"/>
  <File Type="POSTROUTE-PHYSOPT-BUS-SKEW" Name="newadder_bus_skew_postroute_physopted.rpt"/>
  <File Type="BG-BIT" Name="newadder.bit"/>
  <File Type="POSTROUTE-PHYSOPT-BUS-SKEW-PB" Name="newadder_bus_skew_postroute_physopted.pb"/>
  <File Type="POSTROUTE-PHYSOPT-BUS-SKEW-RPX" Name="newadder_bus_skew_postroute_physopted.rpx"/>
  <File Type="BITSTR-NKY" Name="newadder.nky"/>
  <File Type="BITSTR-BMM" Name="newadder_bd.bmm"/>
  <File Type="PDI-FILE" Name="newadder.pdi"/>
  <File Type="RCFI_FILE" Name="newadder.rcfi"/>
  <File Type="CFI_FILE" Name="newadder.cfi"/>
  <File Type="RNPI_FILE" Name="newadder.rnpi"/>
  <File Type="NPI_FILE" Name="newadder.npi"/>
  <File Type="RBD_FILE" Name="newadder.rbd"/>
  <File Type="BITSTR-LTX" Name="debug_nets.ltx"/>
  <File Type="BITSTR-LTX" Name="newadder.ltx"/>
  <File Type="BITSTR-SYSDEF" Name="newadder.sysdef"/>
  <File Type="BG-BGN" Name="newadder.bgn"/>
  <File Type="BG-DRC" Name="newadder.drc"/>
  <File Type="RDI-RDI" Name="newadder.vdi"/>
  <File Type="WBT-USG" Name="usage_statistics_webtalk.html"/>
  <FileSet Name="sources" Type="DesignSrcs" RelSrcDir="$PSRCDIR/sources_1" RelGenDir="$PGENDIR/sources_1">
    <Filter Type="Srcs"/>
    <File Path="$PSRCDIR/sources_1/new/newadder.v">
      <FileInfo>
        <Attr Name="UsedIn" Val="synthesis"/>
        <Attr Name="UsedIn" Val="implementation"/>
        <Attr Name="UsedIn" Val="simulation"/>
      </FileInfo>
    </File>
    <Config>
      <Option Name="DesignMode" Val="RTL"/>
      <Option Name="TopModule" Val="newadder"/>
      <Option Name="TopAutoSet" Val="TRUE"/>
    </Config>
  </FileSet>
  <FileSet Name="constrs_in" Type="Constrs" RelSrcDir="$PSRCDIR/constrs_1">
    <Filter Type="Constrs"/>
    <Config>
      <Option Name="ConstrsType" Val="XDC"/>
    </Config>
  </FileSet>
  <FileSet Name="utils" Type="Utils" RelSrcDir="$PSRCDIR/utils_1">
    <Filter Type="Utils"/>
    <Config>
      <Option Name="TopAutoSet" Val="TRUE"/>
    </Config>
  </FileSet>
  <Strategy Version="1" Minor="2">
    <StratHandle Name="Vivado Implementation Defaults" Flow="Vivado Implementation 2021">
      <Desc>Default settings for Implementation.</Desc>
    </StratHandle>
    <Step Id="init_design"/>
    <Step Id="opt_design"/>
    <Step Id="power_opt_design"/>
    <Step Id="place_design"/>
    <Step Id="post_place_power_opt_design"/>
    <Step Id="phys_opt_design"/>
    <Step Id="route_design"/>
    <Step Id="post_route_phys_opt_design"/>
    <Step Id="write_bitstream"/>
  </Strategy>
  <BlockFileSet Type="BlockSrcs" Name="fb_adder"/>
</GenRun>
