<?xml version="1.0" encoding="UTF-8"?>
<GenRun Id="fb_adder_synth_1" LaunchPart="xc7a100tcsg324-1" LaunchTime="1706613744">
  <File Type="PA-TCL" Name="fb_adder.tcl"/>
  <File Type="RDS-PROPCONSTRS" Name="fb_adder_drc_synth.rpt"/>
  <File Type="REPORTS-TCL" Name="fb_adder_reports.tcl"/>
  <File Type="RDS-RDS" Name="fb_adder.vds"/>
  <File Type="RDS-UTIL" Name="fb_adder_utilization_synth.rpt"/>
  <File Type="RDS-UTIL-PB" Name="fb_adder_utilization_synth.pb"/>
  <File Type="RDS-DCP" Name="fb_adder.dcp"/>
  <File Type="VDS-TIMINGSUMMARY" Name="fb_adder_timing_summary_synth.rpt"/>
  <File Type="VDS-TIMING-PB" Name="fb_adder_timing_summary_synth.pb"/>
  <FileSet Name="sources" Type="BlockSrcs" RelSrcDir="$PSRCDIR/fb_adder">
    <File Path="$PSRCDIR/sources_1/ip/fb_adder/fb_adder.xci">
      <FileInfo>
        <Attr Name="UsedIn" Val="synthesis"/>
        <Attr Name="UsedIn" Val="implementation"/>
        <Attr Name="UsedIn" Val="simulation"/>
      </FileInfo>
    </File>
    <Config>
      <Option Name="TopModule" Val="fb_adder"/>
      <Option Name="UseBlackboxStub" Val="1"/>
    </Config>
  </FileSet>
  <FileSet Name="constrs_in" Type="BlockSrcs" RelSrcDir="$PSRCDIR/fb_adder">
    <File Path="$PSRCDIR/sources_1/ip/fb_adder/fb_adder.xci">
      <FileInfo>
        <Attr Name="UsedIn" Val="synthesis"/>
        <Attr Name="UsedIn" Val="implementation"/>
        <Attr Name="UsedIn" Val="simulation"/>
      </FileInfo>
    </File>
    <Config>
      <Option Name="TopModule" Val="fb_adder"/>
      <Option Name="UseBlackboxStub" Val="1"/>
    </Config>
  </FileSet>
  <FileSet Name="utils" Type="Utils" RelSrcDir="$PSRCDIR/utils_1">
    <Filter Type="Utils"/>
    <Config>
      <Option Name="TopAutoSet" Val="TRUE"/>
    </Config>
  </FileSet>
  <Strategy Version="1" Minor="2">
    <StratHandle Name="Vivado Synthesis Defaults" Flow="Vivado Synthesis 2021">
      <Desc>Vivado Synthesis Defaults</Desc>
    </StratHandle>
    <Step Id="synth_design"/>
  </Strategy>
</GenRun>
